request_id,amount_safe_to_pay,affordability_status,recommended_payment_method,payment_plan,earliest_date_for_full_payment,spending_changes_needed,decision_explanation
request_26,15656000,affordable_now,full_payment,2025-08-03:15656000,2025-08-03,none,Full payment of 15656000.0 is safe. Your forecast shows you'll stay above minimum balance.
request_27,0,affordable_later,wait,2026-08-01:6670,2026-08-01,none,Waiting until 2026-08-01 allows full payment safely.
request_28,1302,affordable_now,full_payment,2024-06-07:1302,2024-06-07,none,Full payment of 1302.0 is safe. Your forecast shows you'll stay above minimum balance.
request_29,10000,not_affordable,not_recommended,none,2025-12-01,none,The request of 51524.0 cannot be safely accommodated within your 90-day forecast.
request_30,775,affordable_now,full_payment,2026-04-06:775,2026-04-06,none,Full payment of 775.0 is safe. Your forecast shows you'll stay above minimum balance.
request_31,0,not_affordable,not_recommended,none,2024-12-01,none,The request of 18164000.0 cannot be safely accommodated within your 90-day forecast.
request_32,0,not_affordable,not_recommended,none,2025-05-01,none,The request of 40018.0 cannot be safely accommodated within your 90-day forecast.
request_33,0,not_affordable,not_recommended,none,2026-03-02,none,The request of 118000.0 cannot be safely accommodated within your 90-day forecast.
request_34,0,not_affordable,not_recommended,none,2025-02-02,none,The request of 129400.0 cannot be safely accommodated within your 90-day forecast.
request_35,212000,affordable_now,full_payment,2025-10-30:212000,2025-10-30,none,Full payment of 212000.0 is safe. Your forecast shows you'll stay above minimum balance.
request_36,0,not_affordable,not_recommended,none,,none,The request of 3954.0 cannot be safely accommodated within your 90-day forecast.
request_37,0,not_affordable,not_recommended,none,2024-05-01,none,The request of 14649000.0 cannot be safely accommodated within your 90-day forecast.
request_38,0,not_affordable,not_recommended,none,2025-10-02,none,The request of 971.3 cannot be safely accommodated within your 90-day forecast.
request_39,0,not_affordable,not_recommended,none,2026-07-02,none,The request of 208600.0 cannot be safely accommodated within your 90-day forecast.
request_40,0,not_affordable,not_recommended,none,2024-07-02,none,The request of 1290.3 cannot be safely accommodated within your 90-day forecast.
request_41,0,not_affordable,not_recommended,none,,none,The request of 38760000.0 cannot be safely accommodated within your 90-day forecast.
request_42,0,not_affordable,not_recommended,none,2026-04-02,none,The request of 52100.0 cannot be safely accommodated within your 90-day forecast.
request_43,0,not_affordable,not_recommended,none,2024-10-02,none,The request of 43339000.0 cannot be safely accommodated within your 90-day forecast.
request_44,0,not_affordable,not_recommended,none,2025-05-01,none,The request of 95800.0 cannot be safely accommodated within your 90-day forecast.
request_45,0,not_affordable,not_recommended,none,2026-09-02,none,The request of 21983000.0 cannot be safely accommodated within your 90-day forecast.
request_46,0,not_affordable,not_recommended,none,2025-02-02,none,The request of 49450.0 cannot be safely accommodated within your 90-day forecast.
request_47,0,not_affordable,not_recommended,none,2025-08-02,none,The request of 38114000.0 cannot be safely accommodated within your 90-day forecast.
request_48,18000,affordable_later,wait,2026-08-01:45700,2026-08-01,none,Waiting until 2026-08-01 allows full payment safely.
request_49,0,not_affordable,not_recommended,none,2024-05-01,none,The request of 34333000.0 cannot be safely accommodated within your 90-day forecast.
request_50,0,not_affordable,not_recommended,none,2025-10-02,none,The request of 43900.0 cannot be safely accommodated within your 90-day forecast.
